{"cameraMode":{"drawMode":0,"name":"Shaded","section":"Shading Mode"},"sceneLighting":true,"audioPlay":false,"sceneViewState":{"showFog":true,"showMaterialUpdate":false,"showSkybox":true,"showFlares":true,"showImageEffects":true,"showParticleSystems":true},"in2DMode":false,"pivot":{"x":119.82564544677735,"y":33.3140869140625,"z":884.0352783203125},"rotation":{"x":-0.10170329362154007,"y":-0.05072168633341789,"z":0.005192689131945372,"w":-0.9935073256492615},"size":1527.5799560546875,"orthographic":false}